{
  "keywords": [
    {
      "keyword": [
        "computer",
        "phone",
        "laptop",
        "screen",
        "keyboard",
        "display",
        "mouse",
        "speaker",
        "microphone",
        "watch",
        "tv",
        "tablet",
        "ipad",
        "internet",
        "smartwatch",
        "router",
        "wifi",
        "data",
        "connection",
        "service"
      ],
      "Decompositions": [
        {
          "Rule": "$",
          "Recompositions": [
            "What brand is your $?",
            "Is there something wrong with your $?",
            "How old is your $?"
          ]
        },
        {
          "Rule": "old $",
          "Recompositions": [
            "How old is your $?"
          ]
        },
        {
          "Rule": "new $",
          "Recompositions": [
            "How new is your $?"
          ]
        },
        {
          "Rule": "$ is broken",
          "Recompositions": [
            "How is your $ broken?",
            "When did your $ break?",
            "Have you tried getting your $ replaced?"
          ]
        },
        {
          "Rule": "$ is *",
          "Recompositions": [
            "Do you know why your $ is *?",
            "When did this issue start?"
          ]
        },
        {
          "Rule": "$ isnt *",
          "Recompositions": [
            "Do you know why your $ isn't *?",
            "When did this issue start?"
          ]
        },
        {
          "Rule": "$ wont *",
          "Recompositions": [
            "Do you know why your $ won't *?",
            "When did this issue start?"
          ]
        },
        {
          "Rule": "$ doesnt *",
          "Recompositions": [
            "Do you know why your $ doesn't *?",
            "When did this issue start?"
          ]
        },
        {
          "Rule": "$ cant *",
          "Recompositions": [
            "Do you know why your $ cant *?",
            "When did this issue start?"
          ]
        }
      ]
    },
    {
      "keyword": [
        "speakers",
        "headphones",
        "earbuds",
        "earphones"
      ],
      "Decompositions": [
        {
          "Rule": "$",
          "Recompositions": [
            "What brand are your $?",
            "Is there something wrong with your $?",
            "How old are your $?"
          ]
        },
        {
          "Rule": "old $",
          "Recompositions": [
            "How old are your $?"
          ]
        },
        {
          "Rule": "new $",
          "Recompositions": [
            "How new are your $?"
          ]
        },
        {
          "Rule": "$ are broken",
          "Recompositions": [
            "How are your $ broken?",
            "When did your $ break?",
            "Have you tried getting your $ replaced?"
          ]
        },
        {
          "Rule": "$ are *",
          "Recompositions": [
            "Do you know why your $ are *?",
            "When did this issue start?"
          ]
        },
        {
          "Rule": "$ arent *",
          "Recompositions": [
            "Do you know why your $ aren't *?",
            "When did this issue start?"
          ]
        },
        {
          "Rule": "$ wont *",
          "Recompositions": [
            "Do you know why your $ won't *?",
            "When did this issue start?"
          ]
        },
        {
          "Rule": "$ dont *",
          "Recompositions": [
            "Do you know why your $ don't *?",
            "When did this issue start?"
          ]
        },
        {
          "Rule": "$ cant *",
          "Recompositions": [
            "Do you know why your $ cant *?",
            "When did this issue start?"
          ]
        }
      ]
    },
    {
      "keyword": [
        "fix"
      ],
      "Decompositions": [
        {
          "Rule": "$",
          "Recompositions": [
            "Is there something broken?",
            "What do you need to $?",
            "Does something need fixing?",
            "What is the issue?"
          ]
        }
      ]
    },
    {
      "keyword": [
        "fixed"
      ],
      "Decompositions": [
        {
          "Rule": "$",
          "Recompositions": [
            "Was something broken?",
            "What was the issue?"
          ]
        },
        {
          "Rule": "my * was $",
          "Recompositions": [
            "When was your * $?",
            "Is your * still working?",
            "What was the issue?"
          ]
        },
        {
          "Rule": "my * wasnt $",
          "Recompositions": [
            "Did you try to get your * $?"
          ]
        },
        {
          "Rule": "my * were $",
          "Recompositions": [
            "When were your * $?",
            "Are your * still working?",
            "What was the issue?"
          ]
        },
        {
          "Rule": "my * werent $",
          "Recompositions": [
            "Did you try to get your * $?"
          ]
        }
      ]
    },
    {
      "keyword": [
        "work"
      ],
      "Decompositions": [
        {
          "Rule": "$",
          "Recompositions": [
            "Is something not working?"
          ]
        }
      ]
    },
    {
      "keyword": [
        "device"
      ],
      "Decompositions": [
        {
          "Rule": "$",
          "Recompositions": [
            "What $ do you have? What is your $?"
          ]
        }
      ]
    },
    {
      "keyword": [
        "sound",
        "sounds"
      ],
      "Decompositions": [
        {
          "Rule": "$",
          "Recompositions": [
            "Is there something wrong with your sound?",
            "What device or equipment is having trouble with sound?"
          ]
        }
      ]
    },
    {
      "keyword": [
        "replace"
      ],
      "Decompositions": [
        {
          "Rule": "$",
          "Recompositions": [
            "What did you replace?"
          ]
        }
      ]
    },
    {
      "keyword": [
        "replaced"
      ],
      "Decompositions": [
        {
          "Rule": "$",
          "Recompositions": [
            "What was replaced?",
            "When was it replaced?"
          ]
        },
        {
          "Rule": "get it $",
          "Recompositions": [
            "This sounds like a good idea"
          ]
        },
        {
          "Rule": "* was $",
          "Recompositions": [
            "When was your * $?",
            "Did replacing your * not fix it?"
          ]
        }
      ]
    },
    {
      "keyword": [
        "broken",
        "slow",
        "bad"
      ],
      "Decompositions": [
        {
          "Rule": "$",
          "Recompositions": [
            "What is $?",
            "Is something $?",
            "Has it always been $?"
          ]
        }
      ]
    },
    {
      "keyword": [
        "wont",
        "cant",
        "doesnt",
        "isnt",
        "arent",
        "refuses",
        "denies"
      ],
      "Decompositions": [
        {
          "Rule": "$",
          "Recompositions": [
            "What device or equipment are you having trouble with?",
            "When did this start happening?"
          ]
        }
      ]
    },
    {
      "keyword": [
        "hello",
        "hi",
        "hiya",
        "hey"
      ],
      "Decompositions": [
        {
          "Rule": "$",
          "Recompositions": [
            "Hello, anything you need help with today?",
            "Hi, anything you need help with today?",
            "Hey, anything you need help with today?"
          ]
        }
      ]
    },
    {
      "keyword": [
        "bye",
        "goodbye",
        "cya",
        "exit"
      ],
      "Decompositions": [
        {
          "Rule": "$",
          "Recompositions": [
            "Goodbye!"
          ]
        }
      ]
    },
    {
      "keyword": [
        ""
      ],
      "Decompositions": [
        {
          "Rule": "$",
          "Recompositions": [
            "Could you explain that further?",
            "Would you like to go into more detail?",
            "Are you having issues with something in particular?"
          ]
        }
      ]
    }
  ]
}
